royalazyn#0,Explorer,0,
gewahua#0,Explorer,1,
thepandasfriends#0,Explorer,1,
streamoustache#0,Explorer,1,
adrien7959#0,Explorer,1,
surimi_i#0,Explorer,1,
7idge#0,Explorer,1,
knockoutjoe#0,Explorer,1,
fragnard#0,Explorer,0,
fiji12415#0,Explorer,1,
tasmed#0,Explorer,1,
f4lsebbert#0,Explorer,1,
mudkipnerd#0,Explorer,1,
imchuge#0,Explorer,1,
zenordd#0,Explorer,1,
gduflo#0,Explorer,1,
raptortp#0,Explorer,1,
deathvrc#0,Explorer,1,
gamesportguy#0,Explorer,1,
noft#0,Explorer,0,
xman303#0,Explorer,0,
suezo42069#0,Explorer,1,
cherrifaerie#0,Explorer,1,
auroraneclipse#0,Explorer,1,
elite_drift#0,Explorer,1,
ellendegenerate2525#0,Explorer,1,
radioinactive#0,Explorer,0,
josuef4262#0,Explorer,0,
meemix#0,Explorer,1,
stairs_smoke#0,Explorer,1,
lokipoop_#0,Explorer,0,
mulberryyyy#0,Explorer,1,
pklemon#0,Explorer,0,
djspicydeluxe#0,Explorer,1,
fullmast#0,Explorer,1,
austin_tacious#0,Explorer,0,
cennge#0,Explorer,2,
sairelle#0,Explorer,1,
blitzhen#0,Explorer,0,
veronjca#0,Explorer,1,
sushinap#0,Explorer,1,
__arca#0,Explorer,1,
adventinator#0,Explorer,1,
w0lven#0,Explorer,1,
herofactory#0,Explorer,1,
mr._mojo_risin#0,Explorer,0,
koublibo#0,Explorer,1,
acgamer28#0,Explorer,1,
supero8487#0,Explorer,1,
icandoodle#0,Explorer,1,
degatsuyu0612#0,Explorer,1,
bourbonjr#0,Explorer,1,
soniere_#0,Explorer,0,
._daphne_.#0,Explorer,1,
sorryssb#0,Explorer,0,
pode9750#0,Explorer,1,
kwilly#0,Explorer,1,
27nickels#0,Explorer,0,
emanon#0,Explorer,1,
rckiis#0,Explorer,1,
goodpepito#0,Explorer,1,
godtryhard#0,Explorer,0,
suwan31#0,Explorer,1,
quancheese2019#0,Explorer,0,
berylthegoblin_01372#0,Explorer,1,
largemarge#0,Explorer,1,
tsunamii__#0,Explorer,1,
colinnoli.6#0,Explorer,1,
helldraco#0,Explorer,1,
comphe_couch#0,Explorer,1,
jettssb#0,Explorer,0,
lampshady53#0,Explorer,1,
ninjaoshawott14#0,Explorer,0,
invisible111154#0,Explorer,1,
ioye#0,Explorer,1,
brennen.eth#0,Champion,1,
thebower#0,Explorer,1,
firstframes#0,Explorer,1,
el_chido007#0,Explorer,1,
king_raichu#0,Explorer,2,
wagr0#0,Explorer,2,
brisketo7#0,Explorer,1,
gadgetlab#0,Explorer,1,
moonbather#0,Explorer,1,
kittiese#0,Explorer,1,
spinax10#0,Explorer,1,
tortaal#0,Explorer,1,
rikunoimanity#0,Explorer,0,
blouyh#0,Explorer,1,
neeve_amx#0,Explorer,1,
tacocat0110#0,Explorer,0,
maktyum#0,Explorer,1,
gunmetal51591#0,Explorer,1,
loudman0803#0,Explorer,1,
monitor#0,Explorer,1,
_odie#0,Explorer,1,
.pointless.#0,Explorer,1,
takeyourtime4999#0,Explorer,1,
kathlyyn#0,Explorer,1,
tigerquasar#0,Explorer,1,
letsgolk#0,Explorer,1,
ledindonbarbare#0,Explorer,1,
art_abs#0,Explorer,1,
dr_roob#0,Explorer,1,
albert999999#0,Explorer,1,
chrisssssssssssssssssssss#0,Explorer,1,
.abussos#0,Explorer,0,
hqtf#0,Explorer,2,
onter#0,Champion,1,
matttaylorlol#0,Challenger,4,
pragmatwit#0,Explorer,0,
d3ash#0,Explorer,1,
mewwy#0,Explorer,0,
twotoestoto#0,Explorer,1,
gabedudly#0,Explorer,1,
mikadal93#0,Explorer,0,
kretky#0,Explorer,1,
2krunkvillain#0,Explorer,0,
bruno._2#0,Explorer,1,
lordbabat#0,Explorer,1,
maxime00830#0,Explorer,1,
kensai5495#0,Explorer,0,
parkerpyrope#0,Explorer,1,
dad08511#0,Explorer,1,
olipop8946#0,Explorer,0,
bullfrogging#0,Explorer,1,
snooby._.#0,Explorer,1,
sammyg123#0,Explorer,1,
kawaiipicckle#0,Explorer,0,
lightssb#0,Explorer,1,
uungwo#0,Explorer,1,
darkknight119.#0,Explorer,1,
kamuwu5086#0,Explorer,1,
krustykrab__#0,Explorer,1,
murphboneman#0,Explorer,1,
adventinator8882#0,Explorer,1,
gast0n#0,Explorer,1,
jerico#0,Explorer,1,
elfilin_#0,Explorer,0,
krsavage#0,Explorer,1,
adagiohno#0,Explorer,1,
jenks6797#0,Explorer,1,
lylatwolf#0,Explorer,1,
cg1239291#0,Explorer,1,
liloo__#0,Explorer,0,
otto_ssbm#0,Champion,1,
pippysippy#0,Explorer,1,
eusou.jp#0,Explorer,1,
anaconda_soc#0,Explorer,1,
rosesforrei#0,Explorer,1,
justin_joe#0,Explorer,1,
0p3n1ng#0,Explorer,1,
zenozabatsu#0,Explorer,1,
nsnotbrayden#0,Explorer,1,
knuxbuddy#0,Explorer,1,
trigazelli#0,Explorer,1,
sotterkan#0,Explorer,1,
rom1x#0,Explorer,1,
fantominusspl#0,Explorer,1,
chorus_dawn#0,Explorer,1,
babino#0,Explorer,1,
stellarflares#0,Explorer,1,
maze3294#0,Explorer,1,
alexandre1992#0,Explorer,1,
pouty59#0,Explorer,1,
.jaydyn#0,Explorer,1,
emilia091686#0,Explorer,1,
alfoam#0,Explorer,1,
4_52_62354_234523#0,Explorer,1,
mindreader#0,Explorer,1,
gogo5194#0,Explorer,1,
meleevoter_04378#0,Explorer,1,
foufakirby#0,Explorer,1,
._quaso_.#0,Explorer,1,
olympia_viii#0,Explorer,1,
ghostyblob#0,Explorer,1,
zenith_willmore#0,Explorer,0,
bugzvii#0,Explorer,1,
marvin9606#0,Explorer,1,
jalendjangoed#0,Explorer,1,
retardsonthecampus#0,Explorer,1,
palkiafan430#0,Explorer,1,
zeekay._.#0,Explorer,1,
notaklo#0,Champion,3,
onizuka_yo#0,Champion,0,
salt0393#0,Champion,3,
semphisss#0,Champion,0,
slb_23#0,Explorer,1,
jwhitney87#0,Explorer,1,
nisoc#0,Explorer,1,
percieguthrie#0,Explorer,1,
diremaykr#0,Explorer,1,
earthtokam#0,Explorer,1,
comona_999#0,Explorer,1,
dieuamphibien#0,Explorer,1,
sandcrawl#0,Explorer,1,
tornadusf4n#0,Explorer,1,
asheszu#0,Champion,1,
wasabisss#0,Explorer,1,
sharca#0,Explorer,1,
bruvhd#0,Champion,0,
tonsqi#0,Explorer,1,
playerleague15#0,Explorer,1,
thebearguy#0,Explorer,1,
letskillthisguywithhammers#0,Explorer,1,
cryptonic#0,Explorer,0,
shatteredglassonthefloor#0,Explorer,1,
flabeauf#0,Explorer,1,
saitoesia#0,Explorer,1,
lythron#0,Explorer,1,
rtrn3base#0,Explorer,1,
starfoxfreshman#0,Explorer,1,
cinaub29#0,Explorer,1,
the_lita#0,Explorer,0,
obbyslice#0,Explorer,1,
alex39183#0,Explorer,1,
heyonightreal#0,Explorer,0,
wildygon#0,Explorer,0,
light_dn#0,Explorer,0,
smain.#0,Explorer,1,
jesscas#0,Champion,3,
aplplayz#0,Explorer,1,
ponzuuu#0,Explorer,0,
warehousewar#0,Explorer,2,
rin048157#0,Explorer,1,
flens_#0,Explorer,1,
.mimilimi#0,Explorer,1,
tyranimat_66174#0,Explorer,1,
typical30bastard#0,Explorer,1,
doonyto#0,Explorer,1,
toshi0097#0,Explorer,1,
glapigloup#0,Explorer,1,
thorfield.#0,Explorer,0,
adesu#0,Champion,1,
thebasementdweller33#0,Explorer,1,
arrowliners#0,Explorer,0,
weeeeeeeen#0,Explorer,1,
tvfish#0,Explorer,1,
alibi231#0,Explorer,1,
toughsnow_#0,Explorer,1,
karnagelynx#0,Explorer,1,
cayennepaprika#0,Explorer,1,
lumikade#0,Explorer,0,
bunnybunwastaken#0,Explorer,1,
orange3094#0,Explorer,0,
remyc__#0,Explorer,1,
whoursche#0,Explorer,1,
malik_alniharii#0,Explorer,1,
msmarbs#0,Explorer,1,
8ppl#0,Explorer,1,
superjarryd#0,Explorer,1,
nterraphael#0,Explorer,1,
tndank#0,Explorer,1,
theophan#0,Explorer,1,
wlfkat#0,Explorer,1,
gimferno#0,Explorer,0,
robotfishgirl#0,Explorer,1,
nipplespike#0,Explorer,1,
jitakyoei#0,Explorer,1,
jaysonmoistrice#0,Explorer,1,
lostssb#0,Explorer,1,
givrix.#0,Explorer,1,
nemosse#0,Explorer,0,
edouardlecanard#0,Explorer,1,
edalt#0,Explorer,1,
rmioche#0,Explorer,0,
shawl5832#0,Explorer,1,
eastie769#0,Explorer,1,
toonslim#0,Champion,1,
quetips#0,Explorer,1,
badelineceleste#0,Explorer,1,
technopuff#0,Explorer,1,
babalski#0,Explorer,1,
thejean_a#0,Explorer,1,
zeusofthenoose#0,Explorer,1,
idi___#0,Explorer,1,
shtkid17#0,Explorer,1,
thetrueshazam#0,Explorer,1,
skrat#0,Explorer,1,
lilcheesybread#0,Explorer,1,
titaniumssb#0,Explorer,0,
kami990736#0,Explorer,1,
mucho_#0,Explorer,0,
aurelien9784#0,Explorer,0,
dkizzy#0,Explorer,1,
bigpepsi.#0,Explorer,1,
readynn#0,Explorer,1,
sareyusoya#0,Champion,0,
roofb#0,Explorer,1,
samscolari#0,Champion,10,
peterpandam#0,Champion,5,
patyiutazza#0,Champion,5,
sasquatch#0,Champion,4,
.mach.#0,Champion,9,
t.s.c.#0,Explorer,0,
gbasire#0,Explorer,2,
battlepoops#0,Champion,5,
cjdasher#0,Explorer,1,
1____1#0,Explorer,1,
leweaboo#0,Explorer,1,
czy_coup1#0,Explorer,1,
arealshiro#0,Explorer,1,
unoriginalfun#0,Explorer,1,
antiguian#0,Explorer,1,
geraldgaming#0,Explorer,1,
jab3383#0,Explorer,1,
manege.skin_59908#0,Explorer,1,
elisabethdare#0,Explorer,0,
fortunessb#0,Explorer,1,
jamstubb#0,Explorer,1,
lil_smidge#0,Explorer,1,
unendingthruway#0,Explorer,1,
darthshard#0,Explorer,1,
lujihash#0,Explorer,1,
xtheft#0,Explorer,1,
ilitch_#0,Explorer,1,
tsukuu_28#0,Explorer,1,
nymphalycorne#0,Explorer,1,
exi_29#0,Explorer,1,
hawlucha47#0,Explorer,0,
dededegenerate#0,Explorer,1,
praknore#0,Explorer,1,
mayday_aagghh#0,Explorer,1,
_agoatguy#0,Explorer,1,
acornw#0,Explorer,1,
dang3r#0,Challenger,4,
triumph#0,Challenger,4,
leeum#0,Challenger,5,
nizza_mth#0,Explorer,1,
samtesttest#0,Explorer,0,
tyler.cox#0,Explorer,2,
zaferino#0,Challenger,1,
rubinovitz#0,Explorer,0,
krillin2000#0,Explorer,1,
matchbox7947#0,Explorer,1,
arthurarwell#0,Explorer,1,
jasmatazz#0,Explorer,1,
thechefzkiss#0,Explorer,1,
crimsonfgc#0,Explorer,0,
theluckylux#0,Explorer,2,
froggy_thief#0,Challenger,3,
.kantari#0,Explorer,0,
benjamin_____#0,Challenger,0,
daviddeacereto#0,Explorer,1,
chaler#0,Challenger,4,
sleepymushroom#0,Explorer,1,
nonomnonom#0,Explorer,1,
juliadager#0,Explorer,1,
the.hojjat#0,Explorer,1,
herosabis#0,Explorer,1,
pumey#0,Challenger,5,
all_ants#0,Challenger,3,
raynee#0,Explorer,1,
suspek#0,Explorer,2,
wongisright#0,Explorer,0,
mythriftdeal#0,Explorer,1,
dab2488#0,Explorer,0,
kharsonist#0,Explorer,1,
scrubbedout#0,Explorer,2,
nicksf#0,Explorer,1,
wm0690#0,Explorer,1,
metamu_#0,Explorer,1,
xdai#0,Explorer,1,
levi_maraschino#0,Explorer,1,
zeusdahgoose#0,Explorer,1,
_goldenapple#0,Explorer,0,
jun1_per#0,Explorer,1,
wibblywall#0,Explorer,1,
krillkilla#0,Explorer,0,
gohao#0,Explorer,1,
boonafide#0,Explorer,0,
nojohnscena#0,Explorer,1,
temporaryplan#0,Explorer,2,
theamazingjordo#0,Explorer,0,
djn0.#0,Explorer,1,
suufferpng#0,Explorer,0,
bachilles#0,Explorer,1,
bouncyshield#0,Explorer,1,
p_town_hero#0,Explorer,0,
dumbsallad#0,Explorer,0,
evan05320#0,Explorer,2,
peachpants#0,Explorer,0,
noclarity_icespice#0,Explorer,1,
bylt#0,Explorer,1,
oirazela#0,Explorer,1,
nastynatezzzzzzzzzzzz#0,Explorer,1,
nepchuneee.#0,Explorer,1,
mmunder#0,Explorer,0,
laflarb#0,Explorer,1,
mylesyang#0,Explorer,0,
psychofl_#0,Explorer,1,
noonvania#0,Explorer,1,
kirb0722#0,Explorer,0,
redline8399#0,Explorer,1,
.net1234#0,Explorer,1,
fabriisse#0,Explorer,1,
latexcondoms#0,Explorer,1,
totallynotowen#0,Explorer,0,
jame3smikal#0,Explorer,0,
danielb8119#0,Explorer,1,
gothgoose#0,Explorer,1,
nyyankee2#0,Explorer,1,
soonsay#0,Explorer,1,
auxiliaryvii#0,Explorer,1,
ido8580#0,Explorer,1,
carbuncle_#0,Explorer,1,
dishboy#0,Explorer,1,
beexp#0,Explorer,1,
wardenunleashed#0,Explorer,2,
snoooops#0,Explorer,1,
arr0w.#0,Explorer,1,
liar_o7#0,Explorer,1,
kuddan#0,Explorer,1,
tiavis#0,Explorer,1,
professorbeetus#0,Explorer,1,
yumbream#0,Explorer,1,
animellow#0,Explorer,1,
truc_driver#0,Explorer,1,
cbtcertified#0,Explorer,1,
swoggles802#0,Explorer,1,
dougie_bear#0,Explorer,1,
ellydixon13#0,Explorer,1,
salamancer64#0,Explorer,0,
meenis#0,Explorer,1,
giles0#0,Explorer,1,
haycam#0,Explorer,1,
_mattsharp#0,Explorer,1,
reimu._.#0,Explorer,1,
mewdancing#0,Explorer,0,
adfas#0,Explorer,1,
zeitist#0,Explorer,1,
aujory#0,Explorer,1,
reesch#0,Explorer,1,
kraken4590#0,Explorer,1,
ohantheman#0,Champion,4,
keolaization#0,Champion,7,
lunarifps#0,Champion,2,
codyschwab#0,Champion,1,
smug0423#0,Champion,1,
juandebiedma#0,Challenger,3,
filou4636#0,Explorer,1,
mbcmfer#0,Challenger,3,
captainjt4#0,Explorer,1,
tkstuffy#0,Explorer,0,
wizerdhalk#0,Explorer,1,
steelvenison#0,Explorer,1,
bandana_d3#0,Explorer,1,
agust2n#0,Explorer,1,
tringu#0,Explorer,1,
beta.____.26#0,Explorer,1,
chemjamin#0,Explorer,0,
nerd8583#0,Explorer,1,
aaxlamb#0,Explorer,1,
ray_ssbm#0,Explorer,1,
mdvademon#0,Explorer,1,
some_body#0,Explorer,1,
anjo_91#0,Explorer,1,
soma.talos#0,Explorer,1,
superstarfox64#0,Explorer,1,
nittendev#0,Explorer,1,
doublecork#0,Explorer,1,
tylerhere_#0,Explorer,0,
joseph3079#0,Explorer,1,
zenomium#0,Explorer,1,
bruiserbrody#0,Explorer,0,
sheikhater#0,Explorer,1,
mr_matteo#0,Challenger,3,
juxtapose5885#0,Explorer,1,
firegen.#0,Explorer,1,
jayxvee#0,Explorer,2,
cashbloodprince#0,Explorer,1,
gut5#0,Explorer,1,
alawando#0,Explorer,1,
fersoile#0,Explorer,1,
idamsta#0,Explorer,1,
trofga#0,Explorer,1,
lakeisha3867#0,Explorer,1,
heisenbear#0,Explorer,1,
noahdeeb#0,Explorer,1,
blakehi#0,Explorer,1,
saxaboogie#0,Explorer,1,
ianvei#0,Explorer,1,
bab_o7#0,Explorer,1,
sativa.com#0,Explorer,0,
chamu.brooke#0,Explorer,1,
belbo#0,Explorer,1,
yusecustoms#0,Explorer,1,
bruises#0,Explorer,1,
dothemoses#0,Explorer,0,
mrbatboy27#0,Explorer,1,
sinisterbrandon#0,Explorer,0,
jedgg#0,Explorer,2,
end0_.#0,Explorer,1,
royal69.#0,Explorer,1,
strife771#0,Explorer,0,
golden.diamond#0,Explorer,1,
aleesper#0,Explorer,1,
sosa_rw#0,Explorer,0,
aokiakio#0,Explorer,1,
toadilytodd#0,Explorer,1,
ironknit#0,Explorer,1,
myst.#0,Explorer,0,
trashjesus#0,Explorer,0,
itschris89#0,Explorer,0,
mikexfrom3#0,Explorer,2,
datadanne#0,Explorer,0,
ser1426#0,Explorer,0,
kuroten#0,Explorer,1,
shii_neko_#0,Explorer,1,
yahumi.#0,Explorer,1,
zeugal#0,Explorer,0,
kuroko07067#0,Explorer,0,
zundorf_a#0,Explorer,1,
lucy_0212.#0,Explorer,0,
codedpurple#0,Explorer,1,
checksin#0,Explorer,1,
dominionplus#0,Explorer,1,
ichibanidiot#0,Explorer,0,
adamc77777#0,Explorer,1,
achilles3993#0,Explorer,0,
xozniath#0,Explorer,1,
patatexman#0,Explorer,1,
cantus#0,Explorer,1,
campaine#0,Explorer,1,
biscie#0,Explorer,1,
badstoned#0,Explorer,1,
alex.smith#0,Explorer,1,
supremekhye#0,Explorer,1,
aloysius4332#0,Explorer,1,
brucekain#0,Explorer,1,
3dthevile#0,Explorer,1,
mozzfall#0,Explorer,1,
bonejanglez#0,Explorer,1,
nellbomb#0,Explorer,1,
paladin850#0,Explorer,1,
aznaboipc#0,Explorer,1,
breezymanx#0,Explorer,1,
iamwallaby#0,Explorer,1,
_yungdre#0,Explorer,1,
minamigoh#0,Explorer,0,
ganreka#0,Explorer,1,
anemard#0,Explorer,1,
young_matt_teen#0,Explorer,0,
notso55#0,Explorer,1,
phantom_crush#0,Explorer,0,
convictedoffun#0,Explorer,1,
scooby_val#0,Explorer,1,
willxe#0,Explorer,1,
burnoutfighter#0,Explorer,1,
2d_chuck#0,Explorer,1,
tarzangief#0,Explorer,1,
taji256#0,Explorer,1,
rflynn5077#0,Explorer,1,
gt.sb#0,Champion,10,
lskchan#0,Champion,3,
xaijira#0,Explorer,1,
jwonggg#0,Explorer,1,
honnon#0,Explorer,1,
splashfan382#0,Explorer,1,
.jarred#0,Explorer,1,
jaydiorno#0,Explorer,1,
zykles.#0,Explorer,2,
mucmaster#0,Explorer,1,
lechavalier#0,Explorer,1,
dreprotein7#0,Explorer,1,
wheelsfgc#0,Explorer,1,
kitana_prime#0,Explorer,1,
crunchkun#0,Explorer,1,
robertoelscorch0#0,Explorer,1,
bkuryuu#0,Explorer,1,
faiyex#0,Explorer,1,
bkvono#0,Explorer,1,
.kristopf#0,Explorer,0,
embo27#0,Explorer,1,
suurdoge#0,Explorer,0,
cloudhopper57#0,Explorer,1,
mirttango#0,Explorer,1,
kheldarsilkenglove#0,Explorer,0,
zedington#0,Explorer,1,
.norao#0,Explorer,1,
.shiotaro#0,Explorer,1,
estheljean#0,Explorer,1,
.pr0jekt#0,Explorer,1,
tongkatsu9#0,Explorer,1,
bpppppppp#0,Explorer,1,
raizelakerem#0,Explorer,1,
wwoash#0,Explorer,1,
bedaskun#0,Explorer,1,
whensmahvel1#0,Explorer,1,
klumzyrice#0,Explorer,1,
whynotalec#0,Explorer,1,
venusangels.#0,Explorer,1,
blue_mystic_ninja#0,Explorer,1,
bondon2492#0,Explorer,1,
qwain01#0,Explorer,1,
callmeneos#0,Explorer,1,
777cosmic#0,Explorer,1,
shmaw#0,Explorer,1,
andrewmyst8626#0,Explorer,1,
tereok#0,Explorer,1,
bigredspence#0,Explorer,1,
jeremy77__#0,Explorer,1,
kotastrophe#0,Explorer,0,
thecandyrain#0,Explorer,1,
legion5897#0,Explorer,1,
sungdripwoooo#0,Explorer,1,
.firis#0,Explorer,1,
coachkumo#0,Explorer,1,
champuru3#0,Explorer,1,
turnipseason#0,Explorer,1,
birdjesus_#0,Explorer,1,
blacksamuraix#0,Explorer,1,
karmatiago#0,Explorer,0,
blu3nuke1#0,Explorer,1,
tioscoob#0,Explorer,1,
mushu._.32#0,Explorer,1,
.bruhh_man#0,Explorer,1,
lobiinhoo_#0,Explorer,1,
newcero#0,Explorer,1,
acestaywildin#0,Explorer,0,
osimbaq#0,Explorer,1,
imposterbrendon#0,Explorer,1,
jayleno2403#0,Explorer,1,
maddogmattis0814#0,Explorer,0,
ninjagamer21333#0,Explorer,1,
.darkclone#0,Explorer,1,
felscribe#0,Explorer,1,
ghatlue#0,Champion,1,
jeffypeanutbutter#0,Explorer,0,
lilliamhemsworth#0,Explorer,0,
yako1571#0,Explorer,1,
krilav#0,Explorer,1,
draculaw1#0,Explorer,1,
dvday_#0,Explorer,1,
cry_about_it.ha#0,Explorer,1,
koopo#0,Explorer,1,
coomfighter#0,Explorer,1,
devioux.fgc#0,Explorer,0,
idropflaggs#0,Explorer,1,
mrmrbot#0,Explorer,1,
quantianchenye2035#0,Explorer,1,
mayuge8123#0,Explorer,1,
matttaylorlol.#0,Explorer,1,
_harms#0,Explorer,2,
phireji#0,Explorer,1,
eddietherealg#0,Explorer,1,
gou7567#0,Explorer,1,
airywithnof#0,Explorer,1,
blendoben#0,Explorer,2,
koolst3r#0,Explorer,0,
finalfever#0,Explorer,1,
kheem508#0,Explorer,0,
raffromottawa#0,Explorer,1,
jshyne#0,Explorer,0,
swish_ssb#0,Explorer,1,
heng2356#0,Explorer,1,
zerman02#0,Explorer,1,
oonieversal#0,Explorer,1,
zled#0,Explorer,1,
takizinha222#0,Champion,0,
ath5957#0,Explorer,1,
thedaisyflower.#0,Explorer,1,
roidadadou#0,Explorer,1,
spiiies#0,Explorer,1,
pipipo1#0,Explorer,1,
rorn3678#0,Explorer,1,
narublink#0,Explorer,1,
yochan92_71343#0,Explorer,0,
lax_er#0,Explorer,1,
frostxe112059#0,Explorer,1,
wildseraph#0,Explorer,1,
choke_engi#0,Explorer,1,
bentleys#0,Explorer,1,
fiend5246#0,Explorer,1,
noodleshifu#0,Explorer,1,
harrisonkmiec4152#0,Explorer,0,
vextle_53793#0,Explorer,1,
im_so_jaded#0,Explorer,1,
oliflexo#0,Explorer,1,
techwizetv#0,Explorer,1,
ranmasama#0,Explorer,1,
jyawacurryakira#0,Explorer,0,
helladankus#0,Explorer,1,
morbiusnuttt#0,Explorer,1,
gobbeth#0,Explorer,1,
theekingrichard#0,Explorer,0,
eliaspsy#0,Explorer,1,
rudagawd#0,Explorer,1,
naonim.#0,Explorer,1,
plant_enjoyer_69#0,Explorer,0,
alkione_#0,Explorer,1,
igetsugarwalls#0,Explorer,1,
indough#0,Explorer,1,
_tks#0,Explorer,1,
reliquia07987#0,Explorer,1,
jumppery6i#0,Explorer,1,
shooter06088#0,Explorer,1,
entityr0306#0,Explorer,1,
freazyy0456#0,Explorer,1,
brightonaire_#0,Explorer,1,
birdchest0779#0,Explorer,1,
chocolatemosh0336#0,Explorer,1,
sondre0545#0,Explorer,1,
pilosus0798#0,Explorer,1,
raamoss0871#0,Explorer,1,
redwalker0062#0,Explorer,1,
sionihilus0671#0,Explorer,1,
akaiito0778#0,Explorer,1,
shinlad#0,Explorer,1,
namadversar0775#0,Explorer,1,
yourmama0435#0,Explorer,1,
robojeph_#0,Explorer,1,
melcorscarr_#0,Explorer,1,
firestorm200003#0,Explorer,1,
retvil0221#0,Explorer,1,
emeraldcandy0571#0,Explorer,1,
crusificao_#0,Explorer,1,
solidarmy.#0,Explorer,1,
duckdpvp.#0,Explorer,1,
cyrihack#0,Explorer,1,
detcad.#0,Explorer,1,
foxybooty#0,Explorer,1,
bignastykail#0,Explorer,0,
lord_baccoon#0,Explorer,1,
bloodymaniken#0,Explorer,1,
didigoku#0,Explorer,1,
razzledazzle87#0,Explorer,1,
mr_oniakuma#0,Explorer,0,
ed0nism#0,Explorer,0,
kabuki1228#0,Explorer,1,
syrpico#0,Explorer,1,
caltastrophytv#0,Explorer,1,
rqm3830#0,Explorer,1,
sneakerninja#0,Explorer,1,
venturi_01#0,Explorer,1,
dudunoe#0,Explorer,1,
kazicht#0,Explorer,1,
reliablegimixx#0,Explorer,1,
cptsilverraider#0,Explorer,0,
valteriakc#0,Explorer,1,
akiza._#0,Explorer,1,
sabredgaming#0,Explorer,0,
frogleapinghippie#0,Explorer,1,
.lsz#0,Explorer,1,
the_loewenator#0,Explorer,1,
jccfunk#0,Explorer,1,
ragingluke#0,Explorer,1,
dillonr93#0,Explorer,0,
enzothehokage#0,Explorer,1,
shotoamy#0,Explorer,1,
eyeshield270#0,Explorer,0,
musakeita#0,Explorer,1,
dandelion05293#0,Explorer,0,
supasnupakoopa#0,Explorer,1,
itskite301#0,Explorer,1,
javavaspa#0,Explorer,0,
.stickyfingers#0,Explorer,1,
racksimons#0,Explorer,1,
sportsdadaj#0,Explorer,1,
lucyjojo#0,Explorer,1,
xman7157#0,Explorer,1,
jericho247#0,Explorer,1,
the_koi_boi#0,Explorer,1,
juyen1863#0,Explorer,1,
jago2598#0,Explorer,1,
exceliize#0,Explorer,1,
flam_ng0#0,Explorer,1,
cheetah_har86#0,Explorer,1,
joey_fgc#0,Explorer,0,
christians784.#0,Explorer,1,
creed_ssb#0,Explorer,1,
reyshawnn#0,Explorer,1,
zdot07#0,Explorer,1,
reflys#0,Explorer,1,
jossse_77#0,Explorer,1,
manonmtsilver#0,Explorer,1,
fyzeera#0,Explorer,1,
celestial_chan1#0,Explorer,1,
l0n3r4ng3r#0,Explorer,1,
4h_tim#0,Explorer,1,
aojin#0,Explorer,1,
tylerszalankiewicz#0,Explorer,1,
xkbrownx.#0,Explorer,1,
ladyscribe#0,Explorer,1,
ryan_cruz17#0,Explorer,1,
thewarden1377#0,Explorer,1,
.cdlc#0,Explorer,1,
shiif#0,Explorer,1,
deathismyjob#0,Explorer,0,
perfectlegend#0,Explorer,1,
.airplanes#0,Explorer,1,
dizzler_lo#0,Explorer,1,
luxtech#0,Explorer,1,
hyle81#0,Explorer,1,
ositocuanas#0,Explorer,1,
jaynalturnups#0,Explorer,1,
ecgdrg89#0,Explorer,1,
oztq_ojtq#0,Explorer,1,
.hyperbol#0,Explorer,1,
gassf45#0,Explorer,1,
unit27#0,Explorer,1,
twvg13#0,Explorer,1,
kuraimono#0,Explorer,1,
oldnokia3310#0,Explorer,1,
chauncytalon#0,Explorer,1,
maki_momoe#0,Explorer,1,
gabrielllaguno#0,Explorer,1,
vivivi12poker#0,Explorer,1,
playstatient20#0,Explorer,1,
ka1chang#0,Explorer,1,
harry_ree11#0,Explorer,1,
zen_guava_91207#0,Explorer,1,
250kinoko#0,Explorer,1,
robota.#0,Explorer,1,
niv4k#0,Explorer,1,
brilla_lavi#0,Explorer,1,
fgcbk#0,Explorer,1,
pandamoniumz#0,Explorer,1,
mik0ia#0,Explorer,1,
fatpuck.#0,Explorer,1,
kozmik0165#0,Explorer,1,
batorah_#0,Explorer,1,
cave24_#0,Explorer,1,
kuze2222#0,Explorer,0,
ifr1sei_#0,Explorer,1,
dragonzion_#0,Explorer,1,
boyrude#0,Explorer,1,
amms_27#0,Explorer,0,
guapokami#0,Explorer,1,
pierrick0401#0,Explorer,1,
sadgief#0,Explorer,0,
ungulata#0,Explorer,1,
st0n3b0n3#0,Explorer,1,
fakeasian0969#0,Explorer,1,
m.i.l.f0673#0,Explorer,1,
juampis0921#0,Explorer,1,
vagodaflik.#0,Explorer,0,
specialfrog.#0,Explorer,1,
rekoba1258#0,Explorer,0,
kurraga#0,Explorer,2,
xblaine#0,Champion,1,
edgoron#0,Explorer,1,
browningtons#0,Explorer,1,
skincareroutine#0,Explorer,2,
neqzn#0,Explorer,1,
usdadienda#0,Explorer,1,
ercadia#0,Explorer,1,
gab54full2303#0,Explorer,1,
willi1313#0,Explorer,0,
whimsical_parrot_23131#0,Explorer,1,
shii.take#0,Explorer,0,
nayeonfromtwice#0,Explorer,1,
permafrostssb#0,Explorer,1,
eridarus#0,Explorer,1,
_luke_vgc#0,Explorer,1,
sambreezy#0,Explorer,1,
jsalt.#0,Explorer,1,
scangggg#0,Explorer,1,
blazingburst2016#0,Explorer,1,
weaseldude6913#0,Explorer,1,
.pom2p1#0,Explorer,1,
carrytf#0,Explorer,1,
activerug#0,Explorer,1,
scalporatio#0,Explorer,1,
duckio45#0,Explorer,1,
lucassurgeon#0,Explorer,1,
acabrandon#0,Explorer,1,
